FIPS,Male:Age19_25,Male:Age26_34,Female:Age19_25,Female:Age26_34
72-047,92,391,35,0
72-095,39,95,0,20
72-111,20,136,58,40
72-113,692,1385,437,476
72-131,235,286,123,176
72-135,501,968,247,280
72-137,425,759,334,337
72-147,48,64,110,0
72-151,90,138,38,114
72-003,178,343,98,245
72-025,811,1336,355,698
72-029,303,760,147,343
72-041,316,324,13,143
72-043,181,308,93,101
72-051,147,131,10,224
72-089,113,96,8,116
72-019,118,137,93,16
72-107,59,70,56,18
72-129,66,310,178,173
72-011,94,157,35,79
72-037,97,42,12,59
72-039,77,180,38,15
72-045,6,0,27,110
72-071,178,250,122,243
72-073,174,100,7,0
72-081,162,193,122,83
72-085,108,204,69,284
72-119,307,740,119,300
72-127,2334,4550,1957,2424
72-143,133,168,96,169
72-145,279,236,242,337
72-093,0,17,0,16
72-009,61,58,24,42
72-059,24,148,14,63
72-077,341,256,55,230
72-079,32,144,65,67
72-121,133,184,91,180
72-001,24,92,35,127
72-027,161,243,146,200
72-055,32,167,61,9
72-067,39,139,0,139
72-091,230,444,235,238
72-103,60,261,229,145
72-105,259,295,156,40
72-125,90,70,48,130
72-141,201,143,69,128
72-013,543,690,120,395
72-015,148,54,69,54
72-033,229,261,68,105
72-054,25,76,0,25
72-065,94,395,188,181
72-069,122,273,94,189
72-075,248,366,123,107
72-101,233,370,150,38
72-097,624,659,323,282
72-133,61,285,104,202
72-139,409,1007,160,493
72-115,120,216,80,104
72-057,460,127,122,175
72-099,75,341,83,59
72-049,15,80,0,17
72-063,285,396,121,237
72-123,240,149,56,43
72-017,81,162,0,21
72-087,352,296,205,130
72-153,188,224,73,76
72-061,668,1038,304,390
72-005,300,383,106,99
72-023,143,277,18,151
72-053,190,338,161,173
72-083,61,38,5,8
72-109,135,77,45,54
72-117,17,93,4,38
72-149,48,114,85,15
72-007,116,414,89,69
72-021,1550,1939,772,1057
72-031,1569,2004,713,987
72-035,302,541,154,157
01-099,282,332,162,322
01-079,184,550,174,415
01-081,2202,1808,1569,1589
01-093,340,299,255,229
01-107,279,190,178,215
01-119,502,52,353,200
01-073,6787,9727,5380,6793
01-023,172,152,160,96
01-059,457,339,463,357
01-091,311,369,195,141
01-113,849,981,783,808
01-019,240,121,236,157
01-039,648,310,402,347
01-041,196,180,116,145
01-047,727,599,531,567
01-077,1094,1239,851,1209
01-085,74,148,110,14
01-087,168,376,126,144
01-083,1072,1619,636,1137
01-117,1381,2175,1043,1478
01-115,642,577,802,572
01-133,308,248,135,249
01-003,1903,2960,1493,2114
01-043,738,1378,816,1161
01-051,520,981,391,731
01-069,967,1802,918,1098
01-071,526,985,285,764
01-121,815,989,701,1087
01-125,2745,2496,2458,1445
01-129,116,165,69,140
01-027,73,118,108,268
01-031,706,558,614,531
01-103,1391,1801,969,1706
01-109,574,325,344,216
01-021,604,1037,610,623
01-033,457,593,273,451
01-037,183,113,61,147
01-045,620,772,404,656
01-065,168,119,109,263
01-055,968,1616,698,1276
01-049,1032,1335,836,1386
01-053,597,428,312,435
01-075,152,32,155,199
01-111,238,314,309,188
01-013,179,248,273,267
01-097,4756,6091,4232,5935
01-035,199,232,304,131
01-105,293,105,203,139
01-127,645,1045,492,769
01-029,123,172,125,202
01-063,88,156,44,133
01-005,346,408,188,306
01-007,117,190,54,218
01-011,169,241,173,105
01-015,1341,1791,823,1153
01-017,515,461,464,375
01-025,317,200,330,374
01-057,146,150,137,86
01-101,3114,3863,2586,3178
01-095,1652,1807,999,1838
01-009,511,737,410,568
01-067,292,180,130,66
01-089,3393,4540,2878,4420
01-001,534,384,475,543
01-123,467,349,221,568
01-061,390,423,288,367
01-131,242,170,219,139
02-150,182,446,130,246
02-068,54,48,39,25
02-261,257,134,79,62
02-122,999,904,527,887
02-016,90,220,31,101
02-060,11,11,2,12
02-188,291,337,170,204
02-050,473,467,369,243
02-185,196,221,116,152
02-220,77,186,84,170
02-090,953,1546,605,612
02-130,183,240,71,163
02-170,1683,1825,1117,1451
02-282,14,7,8,4
02-180,288,384,185,179
02-070,159,120,104,67
02-100,66,56,1,11
02-110,239,400,382,288
02-164,60,34,26,28
02-240,127,182,41,90
02-290,183,200,116,116
02-020,3460,4475,2847,4116
02-013,101,207,60,103
02-198,119,197,65,101
02-275,50,35,15,41
02-105,44,54,24,29
02-230,14,35,18,8
02-195,7,39,44,19
02-158,217,331,166,115
04-019,12040,12198,10341,7483
04-013,48132,61881,36264,40894
04-007,620,579,380,394
04-009,307,260,335,261
04-023,335,483,392,260
04-003,888,684,495,656
04-012,202,230,34,224
04-015,1715,2698,938,1482
04-001,1299,1514,1124,1059
04-005,2662,2213,1700,1534
04-025,1513,2172,1266,1692
04-027,3441,2928,2061,1966
04-011,72,81,26,76
04-017,2006,1188,1145,862
04-021,3088,4095,2373,2912
05-145,493,1205,741,563
05-099,126,89,49,101
05-123,321,627,130,266
05-119,4371,5871,3097,4616
05-021,160,147,147,94
05-037,145,129,77,137
05-039,58,105,34,68
05-043,139,191,155,145
05-027,412,69,293,212
05-121,380,265,109,84
05-125,1188,1269,463,901
05-141,154,319,198,201
05-009,387,318,321,169
05-065,103,100,58,64
05-063,337,374,415,329
05-079,35,76,75,115
05-083,88,237,175,131
05-053,106,167,57,127
05-035,391,468,517,590
05-047,249,94,180,188
05-045,1957,1285,1529,1199
05-109,177,97,74,143
05-069,810,732,521,692
05-089,72,184,118,78
05-097,108,100,74,101
05-127,42,182,88,69
05-129,35,124,63,36
05-131,1502,1751,1356,1680
05-033,653,659,466,823
05-007,2018,3407,1844,2983
05-017,119,116,78,124
05-059,240,531,313,379
05-071,367,359,344,172
05-077,139,205,76,79
05-087,199,179,139,115
05-041,88,139,93,107
05-049,138,197,56,92
05-061,127,166,114,185
05-051,1252,1449,1078,1229
05-093,639,456,481,375
05-115,644,804,786,788
05-117,117,82,34,45
05-139,533,561,436,563
05-147,73,120,12,44
05-023,296,356,152,171
05-025,93,57,61,62
05-067,177,251,121,124
05-057,227,258,136,166
05-135,199,164,200,75
05-137,145,55,84,126
05-143,2808,4097,2108,2869
05-055,514,505,310,297
05-005,203,295,98,272
05-003,266,313,205,218
05-031,1062,1631,749,1270
05-073,141,123,32,103
05-105,70,86,58,86
05-149,155,217,131,213
05-107,319,186,222,263
05-111,377,324,374,244
05-133,230,270,276,192
05-013,51,73,33,49
05-019,342,232,261,166
05-011,104,193,220,152
05-075,132,134,166,82
05-095,98,89,117,79
05-113,247,303,283,269
05-029,143,190,133,244
05-103,168,179,177,209
05-101,53,58,14,115
05-001,246,258,91,125
05-081,230,253,62,163
05-085,595,583,632,720
05-015,246,473,253,418
05-091,602,470,512,656
06-049,78,61,100,154
06-047,3005,4608,1706,2050
06-033,599,1067,343,658
06-043,47,120,27,59
06-115,733,1295,491,614
06-013,6476,11865,5890,7707
06-027,124,206,61,180
06-035,130,175,95,111
06-099,5206,5946,3686,3479
06-083,6589,7218,4550,4868
06-097,3688,5565,2725,4155
06-103,528,598,390,429
06-025,1761,2147,1561,1681
06-051,166,473,232,478
06-069,458,1020,263,666
06-001,9928,17729,7850,10943
06-067,11475,18295,8716,12203
06-017,1024,1508,662,1120
06-055,904,1274,571,993
06-073,32263,46322,25106,30588
06-053,5587,8034,4090,6054
06-075,4488,8649,3581,5931
06-091,32,31,2,20
06-107,6248,8436,3818,4705
06-113,2406,2420,1297,1488
06-023,1590,2247,1585,1391
06-057,687,933,522,834
06-003,18,20,3,3
06-039,2042,2555,1218,1157
06-045,796,1402,421,642
06-087,1747,3168,1975,2016
06-105,58,190,44,54
06-037,123087,183643,92817,124723
06-065,27455,35903,20108,24720
06-071,22381,29043,16363,21800
06-085,11521,16617,8741,10581
06-041,707,1901,755,1110
06-061,2260,3283,1469,2073
06-093,224,403,213,276
06-089,1516,2167,1107,1436
06-095,3426,4446,2294,2865
06-015,176,234,94,97
06-011,378,376,192,320
06-021,310,360,268,252
06-007,2448,2584,1808,1248
06-031,1791,1970,1199,1099
06-063,90,15,104,73
06-079,2576,2993,2131,1902
06-019,13128,16360,8982,9527
06-029,11579,12244,6674,7719
06-059,28685,42950,22518,29335
06-111,8866,13771,5892,8599
06-009,239,406,290,281
06-101,1249,968,549,1225
06-081,4230,6405,3035,4213
06-109,267,415,168,229
06-077,7560,9265,4397,5787
06-005,149,137,90,84
08-023,44,53,15,36
08-001,5705,8812,4149,6259
08-021,93,99,30,69
08-027,56,55,16,21
08-035,898,1127,552,838
08-037,644,1382,482,960
08-065,35,168,33,185
08-067,338,830,421,385
08-081,12,228,82,153
08-097,142,553,301,130
08-105,114,135,109,218
08-017,29,24,37,15
08-011,31,147,22,28
08-025,29,9,15,14
08-033,5,13,5,5
08-111,0,14,0,0
08-057,6,21,15,9
08-069,2570,3990,1514,1851
08-075,120,283,155,22
08-083,446,266,136,258
08-113,101,128,40,65
08-119,71,290,81,116
08-125,103,141,58,189
08-013,2346,2569,1855,1902
08-039,98,119,178,113
08-071,63,75,75,37
08-073,10,10,5,6
08-019,43,121,10,40
08-107,174,477,181,209
08-117,473,1090,477,570
08-003,345,359,152,214
08-029,310,304,113,149
08-043,298,301,212,178
08-101,1150,2339,959,1054
08-085,325,554,401,373
08-087,185,210,156,162
08-093,23,131,37,115
08-109,35,68,49,87
08-077,968,2547,1227,1461
08-099,205,176,43,67
08-053,2,8,0,8
08-041,5629,7601,3736,5017
08-121,4,49,4,16
08-049,223,382,238,274
08-005,4413,8629,3995,5520
08-089,167,216,172,99
08-095,53,92,15,53
08-007,214,270,95,204
08-031,6241,14327,3587,8622
08-061,4,14,14,0
08-055,86,51,24,40
08-009,41,26,27,25
08-015,58,410,38,233
08-047,25,115,15,78
08-063,54,151,12,59
08-045,791,1242,845,1111
08-051,194,437,122,334
08-059,2935,6098,2457,4000
08-079,3,12,0,4
08-091,23,16,18,21
08-103,127,67,13,13
08-115,12,20,2,0
08-123,2047,3036,1507,2571
09-009,4923,7036,3501,4799
09-005,802,1169,292,595
09-003,4252,6605,2643,3871
09-015,437,970,256,575
09-011,1176,2059,635,856
09-007,420,748,484,792
09-013,585,592,597,371
09-001,8031,11769,5551,7643
12-113,2486,2104,1413,1511
08-014,308,487,227,367
10-003,2611,4900,2082,3285
10-005,1551,2018,858,1740
10-001,1201,1628,883,883
12-081,3742,5884,3279,4863
12-017,1197,1955,988,1322
12-075,465,565,313,602
12-003,440,160,205,153
12-127,6648,8161,5419,5926
12-073,4122,2920,3247,2191
12-011,24465,35061,19209,26043
12-079,282,214,100,242
12-087,649,1704,724,1354
12-033,4123,4144,2886,2463
12-053,1901,2552,1360,1745
12-057,18251,24397,14879,18043
12-091,2169,3349,1890,2524
12-123,356,165,135,137
12-129,294,474,294,129
12-133,326,187,210,192
12-031,10165,16244,7440,11353
12-007,410,360,96,232
12-009,5684,8322,4737,5215
12-019,1508,2931,1322,1849
12-067,270,218,176,0
12-069,3398,4572,2422,3084
12-089,974,1085,400,570
12-103,9355,13806,7467,9575
12-105,8191,11086,6723,8350
12-111,3345,4864,3664,3881
12-043,207,250,246,128
12-051,1098,1235,393,1083
12-061,1548,2178,1660,1408
12-063,372,672,308,469
12-099,17804,25697,13640,18423
12-109,1498,2354,1366,1572
12-117,4496,6491,3529,4914
12-086,43478,60226,36712,47198
12-005,1943,3715,1926,2426
12-035,1188,1297,728,1071
12-037,230,194,95,193
12-045,58,402,125,158
12-047,297,86,122,46
12-077,281,89,97,71
12-097,4809,5870,4596,4506
12-119,436,453,505,723
12-131,719,1333,641,933
12-039,456,929,371,584
12-059,269,315,283,181
12-065,51,81,21,46
12-071,8896,12931,6806,9477
12-083,4836,4547,3042,3269
12-049,508,470,343,354
12-021,4962,6859,3941,5188
12-093,767,773,399,406
12-095,19079,26963,16320,20548
12-001,3892,4100,3630,2145
11-001,3335,5400,1872,2884
12-101,5095,7449,4226,4606
12-041,283,287,107,308
12-055,1278,1900,953,768
12-121,887,339,141,478
12-027,946,1379,269,457
12-013,99,217,113,146
12-015,2101,1812,1297,1479
12-023,688,906,779,658
12-029,156,253,66,171
12-085,1451,2560,730,1424
12-107,1158,1210,533,1006
12-115,3575,5062,2674,4371
12-125,80,89,101,69
13-061,149,53,48,36
13-101,101,110,27,48
13-127,879,1409,1045,1485
13-089,9894,16027,8335,13062
13-143,453,462,303,243
13-181,36,143,51,97
13-157,305,961,622,984
13-163,266,406,223,291
13-169,443,429,221,222
13-213,634,506,571,506
13-215,2580,3446,2164,2380
13-235,132,140,61,209
13-241,288,436,165,303
13-259,84,152,23,66
13-281,98,46,87,67
13-283,66,163,41,141
13-287,98,114,41,119
13-155,222,340,136,102
13-003,132,210,124,211
13-001,280,424,214,402
13-005,95,229,170,201
13-025,292,329,305,297
13-313,1633,2428,1399,2245
13-037,66,105,32,83
13-193,117,293,151,220
13-285,945,1131,1027,1039
13-021,2337,2900,2140,2312
13-145,225,276,100,204
13-197,127,228,19,55
13-249,53,88,55,93
13-321,374,354,246,407
13-023,187,154,137,137
13-093,282,168,167,98
13-109,61,191,188,235
13-119,319,427,374,281
13-307,0,0,33,28
13-103,668,827,424,730
13-171,300,215,297,276
13-125,22,49,19,55
13-107,558,528,433,410
13-239,31,58,16,45
13-051,4439,6053,4444,4754
13-179,870,978,642,900
13-159,117,348,63,247
13-167,206,123,128,80
13-173,208,202,214,130
13-195,508,354,229,440
13-205,403,220,304,395
13-253,186,142,118,97
13-277,676,974,784,600
13-289,169,159,105,70
13-233,530,1095,470,481
13-263,60,30,79,50
13-269,261,120,113,141
13-273,197,170,82,191
13-275,742,578,445,809
13-279,599,540,473,659
13-319,66,137,82,113
13-017,299,224,225,258
13-033,374,382,332,214
13-047,713,940,584,926
13-053,164,48,52,48
13-055,259,394,271,332
13-073,800,1457,1171,1083
13-087,507,501,181,420
13-115,1379,1611,1072,1063
13-117,1229,2322,1054,1822
13-137,478,1040,496,475
13-147,384,213,237,239
13-185,2839,2153,2348,1749
13-191,89,179,68,321
13-199,189,311,220,340
13-207,247,386,221,206
13-237,306,582,372,306
13-261,838,429,423,328
13-265,21,51,19,8
13-301,63,80,74,142
13-007,26,135,39,24
13-029,439,447,275,495
13-035,339,257,193,256
13-043,212,237,145,258
13-039,961,1046,540,496
13-045,1734,2203,1125,1242
13-079,91,199,81,101
13-099,237,242,138,74
13-081,485,392,220,334
13-069,578,1056,963,877
13-077,1188,1852,1020,1235
13-067,8846,12039,7408,10703
13-123,484,775,236,621
13-083,138,286,165,115
13-297,1476,1123,1113,860
13-317,154,261,131,130
13-027,227,386,321,89
13-091,453,186,280,263
13-129,929,936,492,1141
13-105,281,329,258,323
13-057,1945,3599,2308,2403
13-113,675,786,716,667
13-165,148,175,90,201
13-177,342,379,74,416
13-217,1539,1147,1151,1343
13-227,224,523,273,427
13-133,181,442,171,463
13-071,1196,1430,783,1297
13-075,346,336,370,331
13-085,127,343,259,318
13-141,17,30,14,69
13-063,5498,7451,4711,5990
13-121,10810,16847,9576,13556
13-139,2998,4447,2642,3832
13-187,526,258,423,214
13-189,231,413,348,308
13-201,93,55,87,56
13-211,334,114,213,190
13-149,107,188,264,185
13-219,177,328,136,258
13-095,1785,2295,2398,1495
13-111,207,215,155,268
13-151,2059,2403,2060,2244
13-153,1943,2519,1633,2258
13-175,768,652,591,686
13-183,409,380,208,476
13-255,1296,1247,735,867
13-257,428,366,278,321
13-271,19,181,160,129
13-291,58,393,144,317
13-293,428,341,404,288
13-303,266,354,279,206
13-311,354,301,267,431
13-225,411,472,446,480
13-223,1053,1891,1241,1847
13-229,206,312,178,378
13-231,214,313,94,247
13-245,2743,4318,2943,2966
13-251,236,146,63,267
13-267,223,295,106,328
13-019,357,532,370,328
13-295,724,1124,791,915
13-135,13367,19439,10630,16039
13-013,894,1583,1074,1211
13-049,140,242,225,278
13-065,27,128,133,251
13-015,1229,1769,961,1447
13-097,1815,2656,1194,2318
13-131,269,754,440,555
13-161,107,463,189,390
13-209,86,60,99,72
13-221,78,199,88,149
13-243,109,273,73,89
13-247,1288,1368,1067,1684
13-299,493,455,487,488
13-305,240,631,275,636
13-309,86,128,120,129
13-315,91,74,99,184
13-009,498,694,659,342
13-011,329,184,188,232
13-031,1279,1275,1341,1103
13-059,2072,2333,2108,2308
15-001,872,1753,729,868
15-003,3878,5337,2872,3539
15-009,850,1230,616,827
15-007,495,604,200,253
15-005,0,0,0,0
16-071,49,48,43,41
16-031,309,579,266,299
16-045,304,295,89,222
16-063,71,128,29,168
16-085,51,165,2,92
16-003,50,26,30,58
16-041,90,204,118,137
16-069,267,477,325,376
16-053,598,470,314,474
16-055,1341,1980,1346,1693
16-061,35,39,30,55
16-067,529,398,391,378
16-083,1011,1013,884,1199
16-073,250,157,131,234
16-013,150,460,202,360
16-015,52,91,18,49
16-021,58,158,152,208
16-023,19,70,8,5
16-029,34,82,17,60
16-047,238,282,170,225
16-001,3355,5275,2705,3878
16-005,680,1229,610,736
16-007,38,13,38,16
16-011,399,634,462,708
16-019,1163,1418,680,1109
16-025,6,2,23,0
16-027,3264,3412,2619,3069
16-035,89,75,34,59
16-051,118,414,216,309
16-057,198,412,378,311
16-037,22,32,7,51
16-059,191,91,0,92
16-075,402,281,206,297
16-009,126,45,57,47
16-017,558,408,291,481
16-033,69,23,11,14
16-039,232,376,315,261
16-043,64,166,85,217
16-065,468,350,506,281
16-079,120,128,119,135
16-049,106,114,110,221
16-081,76,76,64,83
16-077,142,65,182,183
16-087,164,166,76,70
17-067,75,65,44,32
17-119,1452,2212,842,1196
17-063,180,238,266,232
17-091,1008,1109,740,585
17-131,55,68,55,37
17-043,5253,8096,3953,5958
17-167,1195,1563,662,689
17-003,47,54,23,5
17-129,31,33,4,17
17-157,142,175,53,158
17-137,143,229,50,175
17-031,56808,82827,39130,54670
17-141,361,317,223,185
17-115,704,814,302,445
17-177,410,430,285,126
17-191,101,141,44,114
17-193,131,70,80,6
17-203,84,250,73,77
17-055,408,339,249,393
17-071,65,32,48,40
17-109,322,352,328,101
17-111,1654,2125,1322,1531
17-113,1193,940,768,563
17-139,116,167,59,103
17-145,109,112,82,22
17-149,95,208,54,70
17-151,5,2,0,0
17-161,822,1362,586,803
17-163,2578,2627,1410,1420
17-173,167,185,49,100
17-185,84,75,36,31
17-019,1769,1910,1192,998
17-013,3,16,16,5
17-035,74,108,40,52
17-053,106,134,52,34
17-085,141,157,29,117
17-089,4263,7018,3151,4839
17-093,577,639,347,565
17-101,86,72,92,89
17-009,12,14,11,20
17-121,336,378,107,197
17-123,64,69,31,44
17-125,68,82,44,25
17-075,220,292,124,97
17-021,168,172,132,86
17-025,59,102,32,55
17-059,38,20,24,1
17-077,505,754,549,487
17-133,121,148,60,45
17-143,1363,1926,750,981
17-181,148,154,78,107
17-201,2312,2547,1155,1458
17-147,51,43,22,70
17-153,25,29,28,22
17-169,96,127,69,33
17-175,29,52,17,21
17-045,92,101,145,91
17-005,47,193,33,56
17-007,271,487,220,335
17-011,203,246,173,103
17-015,85,112,105,61
17-029,651,734,422,367
17-033,112,150,110,119
17-083,185,107,92,159
17-155,17,33,19,5
17-039,57,138,18,58
17-051,205,141,123,145
17-103,255,96,98,150
17-107,176,213,127,34
17-117,224,465,200,123
17-159,52,87,53,39
17-165,254,186,146,93
17-189,90,64,88,32
17-135,124,83,118,80
17-195,406,595,197,294
17-001,312,432,206,277
17-027,43,309,219,133
17-037,948,1019,937,493
17-047,41,60,37,10
17-079,23,69,58,16
17-081,185,321,168,109
17-183,696,785,316,386
17-197,4597,5983,2481,3678
17-199,625,677,370,302
17-023,77,119,82,91
17-041,221,235,204,233
17-049,170,265,74,143
17-057,173,362,93,173
17-061,84,105,105,77
17-065,31,33,0,37
17-069,58,80,32,9
17-073,190,297,238,53
17-087,94,61,46,37
17-095,519,471,372,219
17-097,5222,6560,4277,4555
17-105,182,283,162,226
17-127,65,94,44,85
17-171,37,59,2,27
17-179,444,934,443,357
17-017,104,124,76,64
17-187,45,116,30,40
18-105,2044,1514,1740,895
18-045,183,229,49,74
18-039,2259,3391,2090,3211
18-149,229,194,159,121
18-025,51,50,82,44
18-017,609,480,382,524
18-055,278,423,88,235
18-097,10837,16478,8510,12973
18-177,714,1025,597,846
18-053,677,1053,465,720
17-099,600,1025,433,613
18-021,286,259,192,192
18-063,993,1007,544,832
18-037,252,280,337,279
18-047,141,199,90,162
18-059,224,499,429,539
18-071,273,512,232,496
18-067,787,796,351,774
18-115,18,33,44,34
18-119,224,336,159,218
18-121,193,156,123,193
18-135,263,290,128,240
18-183,302,335,151,160
18-007,117,89,28,82
18-013,132,161,70,184
18-023,179,249,268,347
18-133,386,302,146,349
18-161,70,97,63,67
18-175,142,256,169,123
18-027,457,670,373,580
18-029,318,526,132,347
18-065,283,528,132,505
18-083,449,321,199,422
18-093,213,457,219,384
18-095,1216,1848,937,1445
18-123,126,54,109,113
18-125,105,68,60,54
18-131,160,95,104,68
18-129,141,181,119,107
18-151,341,293,222,252
18-171,26,51,8,78
18-165,100,161,131,92
18-179,166,120,137,109
18-043,518,611,388,534
18-003,3568,4602,2610,4039
18-031,156,244,151,232
18-035,1575,1616,1322,982
18-103,404,562,166,233
18-077,262,268,221,171
18-079,376,283,297,226
18-081,770,1533,589,1377
18-109,416,526,419,562
18-051,207,330,200,164
18-111,153,142,67,173
18-117,176,158,142,154
18-141,2363,3319,2079,2520
18-085,464,1184,585,814
18-099,351,555,500,453
18-155,50,164,84,142
18-163,1758,2095,1203,1553
18-009,95,154,57,166
18-015,142,176,89,209
18-143,209,300,190,225
18-061,178,419,179,382
18-069,310,416,177,260
18-091,593,1352,822,1066
18-169,263,339,163,217
18-181,203,215,116,179
18-073,181,275,157,284
18-075,312,228,160,215
18-101,18,102,79,24
18-127,1393,1627,916,1272
18-145,258,432,262,502
18-137,128,274,95,193
18-147,54,140,96,96
18-153,228,289,140,312
18-159,74,198,102,74
18-157,2689,2430,2270,1617
18-167,1295,1448,1082,760
18-173,227,599,206,351
18-057,1423,1999,1212,1739
18-033,356,467,197,603
18-087,825,1076,915,1056
18-005,970,735,653,518
18-139,68,293,90,184
18-011,357,429,174,377
18-049,76,225,56,113
18-089,5154,6518,3588,4979
18-107,409,391,230,384
18-113,321,451,475,285
18-001,464,577,354,523
18-019,962,1316,802,872
18-041,310,224,193,255
19-055,59,126,33,39
19-101,244,128,85,88
19-185,37,26,51,69
19-005,127,78,106,85
19-113,1050,1294,690,772
19-163,851,1730,591,1084
19-049,282,443,134,302
19-141,46,69,18,52
19-011,99,84,66,29
19-023,66,71,31,65
19-061,506,554,271,502
19-071,69,29,14,21
19-079,27,120,158,53
19-151,52,41,8,29
19-173,18,48,44,21
19-175,91,147,91,151
19-177,72,45,54,68
19-195,59,35,9,43
19-159,5,31,5,23
19-003,14,1,20,13
19-001,69,59,13,13
19-009,26,61,39,32
19-037,35,53,36,23
19-039,36,41,0,47
19-051,142,109,119,152
19-059,128,78,58,34
19-093,30,11,18,7
19-103,1216,1433,874,926
19-107,52,53,30,21
19-135,43,84,11,59
19-171,110,70,95,74
19-179,222,390,132,193
19-167,149,285,64,219
19-069,66,42,10,32
19-025,4,46,32,50
19-027,73,50,59,32
19-031,48,59,3,61
19-033,340,474,397,165
19-067,110,51,40,81
19-073,50,68,57,25
19-083,56,103,42,47
19-115,30,25,37,41
19-117,26,40,38,5
19-119,28,76,34,24
19-189,18,21,35,20
19-147,11,22,60,32
19-165,57,96,40,24
19-007,96,91,20,84
19-087,111,109,20,56
19-095,84,98,108,72
19-099,169,210,148,60
19-145,101,88,61,32
19-191,59,104,57,78
19-157,145,68,144,69
19-155,711,775,317,550
19-127,377,360,214,377
19-043,104,87,77,94
19-015,59,184,21,95
19-017,72,74,35,50
19-021,300,200,164,170
19-089,6,99,63,60
19-063,117,128,81,63
19-077,25,82,24,56
19-081,10,67,18,47
19-091,4,47,7,43
19-121,40,124,2,79
19-125,90,136,66,56
19-183,143,187,116,139
19-197,88,94,42,88
19-029,18,86,45,38
19-035,49,82,73,26
19-047,163,236,62,140
19-057,329,392,148,181
19-065,122,126,72,78
19-085,66,91,60,48
19-109,22,88,35,46
19-129,30,67,9,45
19-133,56,64,19,22
19-139,172,338,138,233
19-143,34,29,1,44
19-153,2761,4015,2128,3058
19-187,290,236,163,207
19-169,905,501,722,335
19-193,1033,994,544,770
19-013,1140,913,779,694
19-075,23,38,16,34
19-097,68,121,23,95
19-105,87,99,83,95
19-111,228,321,129,163
19-131,73,138,68,80
19-137,111,37,11,17
19-181,173,177,127,135
19-161,65,33,52,10
19-123,101,163,57,106
19-149,151,120,67,90
19-019,85,193,50,126
19-041,80,168,43,64
19-045,156,399,202,167
19-053,91,99,114,103
20-183,8,18,29,43
20-067,81,200,163,117
20-085,66,88,20,87
20-095,54,58,64,45
20-109,8,21,3,4
20-021,193,228,113,207
20-131,59,46,79,62
20-149,98,142,181,169
20-209,2756,4254,2461,3370
20-015,388,448,408,524
20-027,48,78,19,44
20-105,4,7,28,21
20-169,461,491,552,448
20-191,179,294,157,178
20-195,6,22,20,6
20-197,42,43,18,30
20-205,78,101,80,76
20-207,4,26,17,48
20-123,59,33,2,30
20-135,2,32,9,32
20-141,20,57,5,41
20-005,197,141,56,226
20-011,102,273,66,180
20-055,464,606,286,483
20-075,48,104,17,83
20-097,27,7,19,17
20-103,320,432,171,459
20-177,1767,1920,1132,1421
20-181,22,24,5,70
20-187,0,0,15,11
20-193,4,122,28,35
20-119,39,59,44,61
20-125,466,450,326,387
20-127,18,89,11,44
20-151,166,21,86,81
20-153,13,9,9,6
20-163,21,46,11,41
20-003,120,60,1,51
20-025,0,17,23,7
20-053,15,29,56,11
20-061,340,319,284,327
20-077,83,59,42,59
20-057,446,716,375,638
20-167,47,21,11,50
20-111,626,413,537,330
20-117,36,100,43,69
20-145,56,15,24,77
20-001,51,83,74,35
20-023,12,24,22,19
20-033,3,5,6,26
20-035,533,429,323,320
20-049,18,45,8,22
20-063,12,38,22,19
20-059,162,260,108,249
20-079,519,347,179,440
20-083,14,21,0,32
20-089,11,24,5,15
20-093,21,29,18,22
20-159,119,116,83,120
20-185,19,71,33,49
20-113,207,183,182,218
20-139,98,154,133,94
20-071,0,26,10,6
20-031,66,86,55,82
20-037,542,494,501,365
20-051,297,281,453,217
20-073,48,77,38,38
20-099,200,174,153,233
20-107,73,90,65,74
20-173,5362,7249,4363,5443
20-175,481,598,333,414
20-157,8,23,15,2
20-065,7,46,14,5
20-091,3030,4512,2204,3904
20-045,1364,1816,1584,742
20-179,3,34,0,42
20-121,173,251,219,231
20-069,21,58,59,39
20-199,0,31,4,8
20-017,6,19,18,16
20-189,80,41,49,93
20-201,32,32,9,16
20-203,15,31,11,32
20-019,49,23,3,21
20-129,20,35,22,5
20-137,26,20,29,36
20-155,440,617,500,467
20-009,299,444,289,373
20-029,136,70,68,67
20-043,136,42,57,65
20-047,14,19,33,33
20-081,99,27,88,65
20-101,1,29,12,2
20-165,17,36,21,30
20-171,16,76,0,18
20-115,79,57,56,109
20-133,136,247,70,266
20-013,45,63,64,75
20-143,40,58,17,40
20-147,27,17,14,13
20-161,821,520,636,618
20-007,22,96,8,78
20-039,9,53,19,20
20-041,190,173,92,116
20-087,134,115,70,81
21-097,273,271,64,142
21-031,122,151,44,144
21-223,33,47,20,77
21-061,76,38,76,87
21-105,17,50,3,39
21-023,30,56,33,22
21-143,68,103,22,55
21-179,167,337,249,290
21-231,178,282,245,82
21-135,97,176,37,77
21-155,70,239,76,157
21-221,46,210,61,206
21-239,66,279,201,95
21-015,767,979,430,993
21-131,121,97,99,96
21-113,386,364,134,266
21-121,430,368,203,466
21-127,120,112,95,140
21-133,148,150,99,153
21-139,19,55,35,56
21-145,356,710,292,581
21-195,510,463,418,308
21-211,461,545,308,452
21-235,274,317,285,133
21-005,124,155,90,98
21-027,215,195,100,129
21-071,501,445,120,316
21-073,456,610,482,320
21-117,906,1641,602,1390
21-147,188,281,84,48
21-151,1004,735,935,456
21-153,90,122,99,28
21-169,51,71,30,81
21-189,22,12,40,61
21-205,262,156,242,110
21-213,239,145,62,137
21-217,287,274,252,345
21-049,360,299,95,279
21-219,120,200,175,166
21-039,45,88,28,22
21-041,83,115,86,111
21-053,83,76,28,106
21-065,157,196,82,59
21-077,66,67,63,68
21-079,232,160,48,144
21-089,222,317,179,317
21-069,176,119,150,101
21-037,468,656,507,655
21-043,384,214,223,216
21-063,82,66,23,46
21-081,143,202,50,186
21-111,5216,8009,4345,6241
21-123,115,142,0,16
21-141,190,235,173,269
21-161,201,139,41,93
21-167,224,148,139,54
21-191,81,66,97,74
21-201,16,0,8,12
21-207,137,225,105,111
21-215,45,178,50,226
21-229,125,65,91,36
21-011,125,183,127,98
21-007,41,107,29,80
21-009,229,504,385,289
21-021,393,313,167,104
21-087,96,90,56,94
21-091,21,62,4,19
21-095,167,298,120,279
21-159,73,205,94,101
21-093,969,898,590,782
21-137,298,348,163,232
21-149,20,53,54,87
21-171,55,142,25,119
21-183,123,200,105,236
21-197,94,137,101,157
21-225,235,100,100,171
21-233,63,187,84,110
21-033,115,61,69,10
21-035,377,301,364,405
21-045,146,202,133,105
21-047,786,899,496,515
21-059,433,966,302,682
21-085,222,177,274,224
21-101,354,344,132,115
21-103,223,153,148,53
21-107,364,324,387,321
21-109,78,170,30,174
21-125,474,796,365,319
21-157,152,222,103,316
21-163,264,241,203,190
21-173,254,455,172,234
21-181,40,73,40,121
21-185,252,370,65,115
21-187,57,52,58,10
21-203,85,207,117,69
21-209,374,474,247,511
21-227,1507,1348,941,961
21-003,205,276,180,225
21-017,244,226,48,222
21-019,383,524,334,401
21-029,404,673,162,225
21-055,79,103,61,86
21-067,2894,4320,2138,3030
21-075,67,52,71,20
21-115,186,210,172,128
21-119,149,134,177,44
21-165,33,82,11,27
21-175,90,113,43,46
21-177,173,373,170,304
21-193,363,206,154,90
21-199,472,589,432,309
21-237,54,48,27,0
21-051,260,351,90,157
21-001,217,153,56,96
21-013,272,146,139,150
21-025,136,78,69,50
21-057,154,54,31,65
21-083,308,343,183,187
21-099,228,232,64,217
21-129,49,33,29,26
23-009,308,982,392,573
23-017,545,697,346,387
23-015,302,442,180,283
23-027,287,472,248,412
23-019,1166,1984,1005,1450
23-021,169,187,71,143
23-001,796,1104,996,680
23-003,456,519,331,325
23-029,307,405,224,249
23-005,1998,2673,1586,1581
23-013,342,526,93,430
23-023,261,182,164,207
23-031,1282,2242,1028,1516
23-011,687,863,536,615
23-007,275,266,190,243
23-025,467,462,379,378
22-113,757,836,568,670
22-089,575,841,451,486
22-057,1014,1544,789,1261
22-029,442,88,448,140
22-107,61,132,43,48
22-125,67,81,132,53
22-053,291,459,262,360
22-093,251,355,310,163
22-043,302,257,46,166
22-051,5856,8638,4743,6187
22-011,509,610,256,499
22-013,207,253,147,129
22-015,1271,1657,887,1435
22-023,56,35,9,27
22-037,192,233,152,282
22-095,660,786,326,628
22-075,125,378,138,251
22-073,2062,2249,1892,2366
22-079,1572,2075,1122,1493
22-117,735,628,675,589
22-097,1617,844,1121,1068
22-105,1672,2915,1060,1774
22-001,776,896,805,936
22-101,594,840,554,777
22-123,135,217,113,209
22-103,2418,3024,1443,2724
22-111,148,340,338,229
22-021,102,116,86,170
22-017,3290,3619,2567,3832
22-035,77,39,141,6
22-005,1453,1049,901,896
22-055,2657,4075,2416,3640
22-039,786,373,266,322
22-045,1142,1093,721,1032
22-061,1238,698,1212,390
22-087,490,756,467,471
22-091,222,185,149,62
22-119,591,644,417,647
22-121,266,356,163,226
22-031,425,267,241,471
22-047,453,690,305,166
22-081,274,83,120,54
22-063,1089,1885,813,1638
22-067,481,191,311,349
22-069,791,573,921,456
22-071,3705,6897,3553,5809
22-109,1574,2011,992,1453
22-025,133,174,160,57
22-019,3107,3296,2038,3177
22-027,275,311,119,177
22-041,223,227,218,272
22-009,534,409,268,506
22-007,276,463,209,194
22-049,206,152,69,169
22-033,6590,7471,5819,4916
22-077,311,257,238,276
22-083,492,541,225,319
22-099,625,1120,283,705
22-115,756,757,232,484
22-127,215,233,91,166
22-085,321,502,271,297
22-003,305,206,196,263
22-065,202,159,173,179
25-025,4533,6115,2516,3012
25-001,461,958,409,532
25-007,17,43,65,33
25-017,4234,7177,2595,3763
25-003,316,549,170,181
25-005,2000,2678,1223,1233
25-013,2155,2864,1351,986
25-023,1177,2155,909,920
25-009,3316,4796,1883,1631
25-011,126,283,112,152
25-021,1139,2253,1022,1203
25-027,2130,3547,1688,1471
25-015,714,792,450,294
25-019,0,136,16,51
24-047,240,402,168,198
24-510,4059,7216,3746,4243
24-039,130,112,108,98
24-041,118,452,71,210
24-025,1052,1323,582,754
24-001,394,651,211,174
24-027,908,1778,1150,1256
24-033,8971,17810,6477,10462
24-003,3130,3920,1580,3259
24-005,5409,7705,3322,5847
24-021,1071,1476,513,997
24-009,564,492,473,177
24-023,154,258,142,127
24-029,187,234,85,144
24-031,6875,11551,5575,9205
24-013,427,800,223,576
24-035,125,360,145,161
24-037,378,976,413,432
24-017,563,903,328,428
24-019,87,259,86,184
24-043,593,1352,577,903
24-045,823,1310,814,707
24-015,649,609,349,523
24-011,356,398,148,207
26-021,1622,1689,756,989
26-129,222,133,104,98
26-135,96,128,99,75
26-165,242,485,327,235
26-039,114,53,93,100
26-037,378,377,168,211
26-043,213,296,75,107
26-057,258,263,226,239
26-063,263,312,128,167
26-065,3012,2820,2442,1772
26-091,506,958,485,636
26-105,238,256,151,146
26-109,153,148,45,156
26-117,464,662,321,460
26-113,94,206,93,148
26-149,415,624,288,425
26-147,1242,1424,712,975
26-159,820,790,254,467
26-161,2617,2401,2204,1556
26-011,169,136,88,81
26-015,200,689,155,341
26-027,456,496,224,297
26-071,71,88,85,34
26-019,235,193,31,91
26-143,127,233,92,146
26-153,49,24,24,25
26-163,17453,21437,12082,12861
26-023,323,430,288,299
26-055,618,774,376,704
26-075,1138,1530,794,951
26-097,167,161,102,83
26-049,2918,4420,2291,2334
26-009,118,247,129,134
26-061,661,301,181,173
26-093,833,1129,735,739
26-069,173,275,71,118
26-085,47,97,53,80
26-101,140,237,115,127
26-119,93,80,26,34
26-141,118,92,65,100
26-051,253,315,159,150
26-077,2582,2724,2156,1501
26-107,432,348,229,230
26-103,603,643,377,436
26-123,291,473,166,232
26-133,183,220,144,155
26-137,188,226,133,108
26-025,1242,1336,496,850
26-031,135,301,177,81
26-095,31,58,9,54
26-081,5092,7471,3294,4625
26-099,5682,8241,4454,5864
26-145,1187,2197,929,1171
26-155,507,427,432,280
26-013,14,39,16,26
26-017,514,1212,401,638
26-029,141,243,85,203
26-045,703,858,645,520
26-041,317,254,159,215
26-053,202,150,132,65
26-047,330,366,185,148
26-033,325,401,245,273
26-115,871,973,584,763
26-005,729,770,537,383
26-125,6693,9535,5205,6648
26-059,224,527,182,345
26-003,57,106,42,82
26-121,1226,1814,894,1097
26-127,311,328,149,171
26-089,85,195,77,116
26-087,441,731,280,517
26-035,328,374,157,262
26-151,352,523,270,336
26-083,27,12,17,0
26-073,892,858,963,528
26-131,27,32,49,26
26-139,2050,1974,968,879
26-157,351,406,338,187
26-001,70,110,43,41
26-007,151,235,145,144
26-067,513,453,229,287
26-079,106,169,84,122
26-111,605,523,326,314
27-167,33,44,0,9
27-125,21,20,24,1
27-001,43,49,27,16
27-027,469,497,245,226
27-043,72,75,36,103
27-101,45,51,20,14
27-045,143,239,151,131
27-067,371,393,112,195
27-075,4,32,45,40
27-119,79,228,100,163
27-133,13,40,35,74
27-135,45,138,19,26
27-143,28,98,49,50
27-155,4,5,8,2
27-165,170,209,76,108
27-005,262,291,120,160
27-053,6543,11842,4754,7552
27-011,19,29,23,33
27-015,110,95,55,94
27-023,210,63,55,49
27-021,165,218,70,107
27-029,70,114,42,44
27-049,184,312,197,267
27-057,201,141,66,92
27-059,121,279,67,137
27-063,41,52,4,19
27-091,142,100,97,157
27-099,450,277,228,238
27-105,386,247,123,170
27-115,150,274,98,152
27-109,946,1061,371,504
27-033,77,103,21,26
27-139,680,914,250,525
27-039,84,140,41,117
27-157,119,113,24,49
27-117,54,78,29,48
27-035,349,449,222,334
27-107,41,60,20,18
27-171,355,744,198,429
27-103,146,197,15,96
27-041,96,132,37,95
27-051,15,15,34,8
27-069,31,19,35,14
27-079,74,122,63,142
27-087,41,76,63,48
27-025,193,389,109,190
27-127,81,70,42,102
27-173,54,78,23,53
27-153,188,193,119,143
27-007,434,623,456,355
27-013,519,534,208,236
27-055,100,95,30,49
27-073,19,31,9,12
27-077,12,7,6,0
27-111,248,413,100,265
27-161,61,116,50,87
27-137,1096,1241,589,575
27-003,1430,2134,876,1454
27-145,995,1090,655,434
27-037,2040,2430,1134,1706
27-081,14,45,15,31
27-083,79,197,78,100
27-089,71,52,13,36
27-095,103,175,109,119
27-129,61,118,49,64
27-163,871,978,535,481
27-017,162,221,120,107
27-031,30,47,23,53
27-065,84,123,23,91
27-071,88,59,39,8
27-093,72,122,52,81
27-097,203,180,53,134
27-113,21,68,15,9
27-131,195,457,147,333
27-147,80,277,83,96
27-141,344,352,99,202
27-159,113,92,23,37
27-009,244,345,163,151
27-019,213,284,123,316
27-047,214,327,143,140
27-061,278,316,191,207
27-085,164,196,100,87
27-121,37,62,20,17
27-123,4121,5530,2698,3889
27-149,37,17,32,5
27-151,55,70,30,30
27-169,416,443,366,256
28-045,601,785,471,938
22-059,181,152,114,119
28-125,101,40,37,75
28-139,312,173,149,190
28-019,65,79,33,28
28-035,1644,1482,1524,904
28-057,290,333,213,251
28-071,838,993,591,545
28-055,9,9,0,10
28-059,1553,2641,2039,2343
28-087,753,957,687,1021
28-083,726,471,455,582
28-143,74,169,235,203
28-157,173,242,84,66
28-021,314,159,143,122
28-047,3154,3965,2672,3554
28-065,201,181,117,149
28-127,402,502,292,510
28-075,1205,1204,1105,1180
28-085,424,535,301,593
28-123,463,608,397,526
28-159,212,316,322,241
28-163,684,347,336,250
28-007,312,280,169,178
28-009,130,86,97,211
28-037,67,89,80,94
28-027,547,329,261,272
28-061,262,261,221,167
28-067,543,952,642,1335
28-147,396,259,255,234
28-095,371,421,479,431
28-115,561,366,502,348
28-133,614,387,569,310
28-155,134,161,79,67
28-003,651,571,610,335
28-001,427,874,237,327
28-025,251,274,145,330
28-033,1726,2286,1115,1552
28-031,222,420,307,353
28-053,204,186,117,97
28-013,194,246,130,237
28-051,503,452,393,303
28-005,99,254,156,137
28-089,772,896,780,1043
28-091,586,306,523,304
28-141,131,235,282,285
28-153,198,455,96,122
28-041,123,139,124,126
28-093,728,588,629,448
28-119,204,98,123,146
28-011,655,616,510,508
28-073,912,986,498,784
28-081,1156,1390,936,1037
28-113,526,677,391,568
28-135,142,41,99,133
28-129,199,144,246,162
28-131,367,212,213,136
28-149,787,648,804,469
28-023,89,88,218,114
28-069,183,71,265,71
28-097,68,89,129,68
28-105,1029,761,655,345
28-099,457,551,414,243
28-109,554,791,540,784
28-079,133,350,330,341
28-103,231,174,103,78
28-121,1200,1339,1061,1305
28-137,343,547,197,314
28-151,921,1020,700,934
28-077,189,161,193,183
28-107,590,585,376,564
28-111,177,251,65,123
28-161,171,226,152,94
28-017,323,421,228,232
28-015,16,79,67,51
28-029,513,472,438,361
28-039,424,395,229,362
28-043,251,458,194,476
28-049,4452,3959,3698,3332
28-063,123,59,52,32
28-101,300,285,215,145
28-145,265,747,407,315
28-117,280,347,422,378
29-091,455,500,411,466
29-035,76,133,50,172
29-057,57,146,67,111
29-115,80,126,91,139
29-101,587,715,580,448
29-105,451,396,247,562
29-125,76,49,62,92
29-161,290,599,377,441
29-165,452,986,603,782
29-187,1043,879,449,711
29-510,4040,5618,3207,4775
29-003,123,209,32,141
29-023,684,627,412,622
29-033,33,145,64,86
29-061,131,110,117,117
29-087,29,24,31,30
29-103,74,51,24,60
29-181,229,234,107,227
29-127,213,313,202,261
29-139,115,112,56,84
29-151,145,106,79,54
29-207,312,386,372,363
29-219,200,422,293,214
29-221,405,312,285,387
29-007,263,236,323,229
29-043,487,1160,475,558
29-063,63,59,78,101
29-077,4817,4457,3584,3055
29-081,117,169,83,97
29-107,338,458,149,376
29-185,123,149,88,87
29-001,364,237,298,187
29-197,66,99,36,48
29-199,160,118,106,90
29-211,66,112,63,77
29-029,287,561,290,363
29-045,36,109,85,91
29-097,1611,2130,1060,1569
29-099,1572,2865,1336,2363
29-111,61,123,123,56
29-119,421,416,342,369
29-143,209,276,180,314
29-157,68,135,60,84
29-167,455,374,386,286
29-173,39,88,21,74
29-177,373,167,62,201
29-209,254,275,291,320
29-179,66,69,24,108
29-189,8102,9022,6569,7356
29-201,544,365,363,520
29-009,498,475,485,450
29-011,114,239,86,114
29-019,1370,1777,1345,1843
29-039,176,148,101,171
29-051,600,778,468,1050
29-055,326,464,353,303
29-073,105,118,58,115
29-093,194,155,95,125
29-117,132,204,93,188
29-121,148,115,128,67
29-135,254,164,174,115
29-149,159,177,221,89
29-155,180,222,286,279
29-159,370,821,376,705
29-186,114,91,252,78
29-203,172,66,74,152
29-175,210,361,270,223
29-067,218,162,153,112
29-069,395,421,364,432
29-071,935,1054,477,873
29-083,146,307,132,270
29-089,44,88,34,106
29-095,8159,10248,6622,8822
29-109,393,608,317,590
29-131,309,324,135,253
29-169,385,552,531,309
29-171,91,74,65,0
29-213,899,828,789,870
29-215,356,382,185,249
29-021,829,1253,973,980
29-025,127,77,44,51
29-027,255,345,378,418
29-037,676,944,578,822
29-049,148,200,124,291
29-053,156,138,64,81
29-059,132,375,211,273
29-075,49,78,45,66
29-085,97,98,17,130
29-113,252,487,446,305
29-133,258,213,94,173
29-137,99,84,89,109
29-145,715,802,406,757
29-153,104,134,30,75
29-163,131,153,111,85
29-183,1748,3018,1375,2510
29-129,50,44,17,53
29-123,105,112,206,75
29-229,290,385,186,205
29-047,2499,2199,1579,1891
29-217,202,320,239,329
29-065,207,349,207,258
29-195,148,193,225,177
29-147,232,155,379,138
29-227,21,22,10,23
29-041,59,63,39,47
29-079,182,209,85,110
29-141,372,428,333,323
29-223,131,178,101,191
29-017,99,176,97,90
29-031,635,780,555,916
29-205,82,55,79,96
29-225,623,499,348,324
29-005,86,45,23,37
29-013,131,172,144,223
29-015,218,162,68,159
30-017,85,140,103,70
30-041,174,193,147,137
30-015,85,74,95,50
30-103,0,4,6,0
30-071,75,29,28,43
30-075,13,15,38,22
30-053,188,229,76,159
30-067,75,263,27,141
30-085,287,318,237,206
30-005,152,167,121,97
30-051,14,43,0,3
30-097,30,27,0,16
30-083,142,140,154,120
30-099,34,50,45,46
30-079,13,0,8,0
30-101,75,29,24,16
30-035,412,547,374,456
30-025,0,30,16,64
30-019,0,26,16,9
30-095,49,49,70,37
30-037,4,0,4,8
30-045,6,12,26,29
30-093,509,281,321,234
30-023,171,47,51,13
30-043,61,114,66,91
30-039,11,18,13,23
30-055,4,9,4,0
30-107,29,20,25,17
30-057,54,102,12,118
30-087,179,88,129,124
30-091,32,24,13,26
30-011,13,19,0,24
30-021,70,68,21,101
30-003,494,383,359,438
30-007,43,66,0,33
30-047,513,638,442,466
30-049,285,671,293,498
30-073,59,69,52,109
30-111,1542,1817,845,1650
30-063,1422,1631,1236,1130
30-081,680,460,415,380
30-105,41,107,6,31
30-013,993,924,635,663
30-027,101,149,34,210
30-033,17,6,11,8
30-061,37,27,0,3
30-069,3,9,0,2
30-077,102,46,18,52
30-089,102,130,105,210
30-109,0,0,29,7
30-031,975,1423,530,860
30-059,16,16,22,9
30-009,76,103,41,137
30-001,87,101,37,123
30-029,881,1168,644,876
30-065,5,31,22,43
31-069,5,7,0,18
31-091,0,0,2,0
31-123,34,72,17,48
31-127,33,122,32,31
31-159,80,65,141,74
31-171,0,0,0,0
31-043,297,307,280,392
31-181,31,37,29,8
31-003,52,50,26,37
31-029,49,20,31,26
31-023,30,55,65,29
31-035,38,79,52,68
31-005,0,2,0,4
31-041,119,98,99,82
31-061,10,12,7,8
31-067,82,176,87,105
31-081,42,19,16,44
31-115,2,5,0,2
31-095,58,69,9,23
31-099,19,64,12,9
31-101,66,111,12,92
31-119,306,426,287,282
31-135,8,33,0,21
31-137,6,56,26,51
31-155,123,74,47,130
31-157,511,487,375,482
31-179,76,68,26,115
31-103,0,12,5,6
31-105,48,36,20,77
31-107,40,67,61,40
31-111,215,503,355,354
31-121,60,54,36,52
31-139,32,31,25,9
31-165,0,9,11,31
31-021,63,31,26,51
31-025,143,117,55,157
31-039,105,62,40,29
31-051,21,58,36,4
31-057,18,7,32,16
31-075,0,13,3,6
31-077,13,17,12,26
31-079,907,873,671,765
31-085,3,38,7,30
31-131,141,124,101,129
31-145,110,82,25,67
31-027,74,37,14,62
31-045,233,52,135,94
31-097,18,14,35,5
31-033,64,46,15,137
31-047,260,299,247,351
31-071,0,7,0,10
31-117,0,0,4,0
31-125,0,33,0,29
31-133,48,19,39,22
31-167,48,62,41,6
31-175,52,60,17,44
31-183,0,1,2,9
31-083,16,31,15,25
31-185,124,68,43,87
31-009,12,1,10,0
31-019,602,580,437,311
31-037,41,148,15,236
31-049,54,29,23,16
31-087,15,30,18,21
31-113,14,0,0,6
31-141,238,358,158,164
31-143,79,55,26,38
31-169,29,3,23,5
31-013,24,57,139,123
31-017,0,29,38,6
31-001,244,311,108,225
31-161,47,88,54,54
31-109,3223,3717,2419,2664
31-011,31,54,26,26
31-129,66,39,18,37
31-149,15,4,27,4
31-007,6,8,0,2
31-063,13,4,24,5
31-163,17,11,4,7
31-055,4438,7921,4091,5950
31-147,2,65,17,102
31-093,39,44,18,45
31-089,47,63,54,30
31-065,27,33,9,36
31-073,5,12,0,23
31-151,174,173,108,132
31-153,1056,1521,819,898
31-173,169,184,173,161
31-177,92,76,37,61
31-015,3,15,0,18
31-031,14,1,37,57
31-053,371,539,347,334
31-059,21,28,12,66
33-005,888,1068,331,657
33-013,936,1439,869,1109
33-009,604,785,770,540
33-015,1228,2189,932,1583
33-001,418,703,272,587
33-019,379,380,281,321
33-011,3464,4254,2529,2711
33-017,1128,976,864,905
33-007,383,230,117,211
33-003,527,465,201,239
32-001,251,245,302,200
32-005,480,476,377,342
32-015,16,67,11,22
32-027,26,169,19,71
32-009,19,16,65,8
32-011,15,36,0,0
32-013,194,230,252,299
32-021,39,88,18,124
32-033,57,51,16,50
32-007,310,594,324,755
32-017,73,0,15,12
32-023,314,780,217,221
32-029,45,49,8,0
32-031,4545,6590,3222,4936
32-003,23283,38770,18202,29597
32-510,438,689,317,301
32-019,365,571,281,502
34-025,3415,6680,2938,4689
34-021,3173,5503,2257,3315
34-037,728,1320,461,651
34-011,1589,2774,1070,1995
34-035,1401,2541,1221,1704
34-013,8893,14405,7105,10597
34-029,4043,6122,2738,4336
34-001,2560,3989,1681,2565
34-015,1660,2480,1116,1343
34-023,6353,9808,4474,6899
34-033,423,709,162,413
34-031,7012,8947,5223,5866
34-009,553,770,339,370
34-007,4068,6988,2476,4313
34-003,5926,10387,4657,7557
34-039,6791,8843,5020,6642
34-041,660,1049,408,610
34-017,9578,15679,7280,11012
34-019,223,679,169,338
34-005,2078,3951,1276,2215
34-027,1964,3747,1630,2878
35-045,2229,2674,1359,1591
35-037,77,112,2,4
35-027,126,189,106,164
35-005,1070,917,472,829
35-025,1012,1158,745,1022
35-049,1179,2449,1093,1818
35-059,51,37,2,33
35-051,113,39,52,75
35-053,204,173,34,27
35-041,318,265,217,199
35-028,71,192,80,25
35-039,379,780,299,349
35-047,310,487,263,93
35-035,767,706,433,656
35-061,894,1023,742,555
35-057,154,165,57,78
35-001,7976,9442,6198,6829
35-006,303,347,253,223
35-011,2,61,0,5
35-019,12,0,0,46
35-003,0,50,0,4
35-023,29,27,15,36
35-029,352,482,280,238
35-031,1777,2005,1161,1240
35-043,1303,1800,1051,1169
35-055,421,513,285,303
35-017,205,118,65,95
35-009,895,994,426,578
35-007,93,149,25,138
35-015,657,598,398,482
35-021,0,5,0,1
35-033,95,10,128,29
36-095,224,226,70,116
36-005,16912,28635,11138,17033
36-067,2706,3973,1684,2296
36-035,381,513,211,352
36-019,479,560,364,249
36-099,227,388,256,173
36-083,731,1371,434,801
36-079,364,796,314,494
36-033,367,366,240,170
36-043,511,497,208,205
36-069,565,866,497,449
36-081,20943,44640,14849,31314
36-101,608,1058,307,436
36-041,45,46,14,24
36-115,334,724,230,194
36-013,826,927,546,669
36-047,22301,42638,15697,29136
36-061,9229,19902,7074,13826
36-107,217,314,157,180
36-011,460,710,257,340
36-073,245,297,238,164
36-091,787,1234,525,693
36-087,1830,3522,1556,2043
36-021,237,427,220,314
36-049,225,211,125,98
36-063,965,1766,599,943
36-119,6283,11282,4355,7201
36-025,336,339,198,311
36-031,236,273,44,147
36-057,273,585,190,350
36-059,6735,12007,4344,7694
36-085,2138,4617,1487,2662
36-089,849,805,442,482
36-097,124,167,60,114
36-109,485,742,643,540
36-113,362,391,289,214
36-017,228,349,106,147
36-023,182,383,169,162
36-027,1294,2565,820,1510
36-045,884,947,364,642
36-055,3491,5833,2519,2719
36-065,1515,1866,821,843
36-103,8738,13830,6112,9283
36-111,1027,1926,879,1161
36-121,191,311,53,161
36-015,340,528,394,425
36-051,346,267,225,179
36-075,624,1022,319,490
36-077,509,376,454,178
36-039,159,208,146,198
36-117,557,656,295,325
36-001,2233,2326,1420,1018
36-003,370,323,229,248
36-007,1542,1551,699,491
36-009,538,704,356,511
36-029,3735,7088,2262,3517
36-053,430,522,283,150
36-093,804,1191,577,756
36-105,472,1162,309,446
36-037,398,328,288,163
36-123,269,340,424,295
36-071,2215,3575,1280,1636
37-165,390,413,339,313
37-189,540,572,509,544
37-083,790,690,555,484
37-001,1610,2051,1704,2199
37-177,65,19,25,68
37-079,314,372,129,286
37-087,615,992,681,424
37-121,64,287,108,178
37-041,142,284,55,311
37-005,237,90,185,113
37-027,1028,1341,945,1148
37-035,1634,2239,1217,1860
37-045,1365,1600,697,1180
37-049,1001,1436,781,1372
37-065,735,1059,638,598
37-077,395,602,374,289
37-085,1254,2350,1111,1726
37-093,437,945,469,908
37-089,1098,1696,835,1389
37-095,2,19,20,47
37-097,2014,1722,1396,1757
37-119,10372,18611,8733,15268
37-131,398,309,210,167
37-147,2276,3068,2433,1994
37-159,1654,2353,1318,1860
37-181,626,449,519,271
37-039,222,434,341,295
37-053,294,383,122,254
37-179,2035,2471,1423,1865
37-193,899,838,541,446
37-067,3752,5333,3289,4401
37-127,1059,1253,956,1110
37-003,364,570,407,326
37-017,430,408,266,472
37-055,328,836,100,750
37-031,670,959,420,627
37-185,491,284,229,230
37-195,828,1267,750,1009
37-015,129,410,135,137
37-073,115,225,71,120
37-075,94,53,137,115
37-117,351,259,267,117
37-115,130,236,97,109
37-137,193,171,121,182
37-143,125,105,112,183
37-149,172,199,179,188
37-151,1899,2245,1618,1490
37-157,1010,1208,915,702
37-169,339,669,331,619
37-187,158,128,143,202
37-029,38,56,57,94
37-043,272,92,140,189
37-051,4294,5027,3041,3641
37-071,2315,2936,1733,2467
37-081,5349,7990,4791,6782
37-099,580,804,423,426
37-125,689,1089,635,794
37-139,460,740,482,571
37-155,2256,2883,1450,2157
37-167,620,726,633,678
37-173,161,396,280,206
37-183,7900,13970,6517,10289
37-199,240,323,177,208
37-007,401,735,149,214
37-037,683,931,632,917
37-111,657,420,274,525
37-069,649,948,674,618
37-101,2110,2910,1771,2347
37-103,161,175,124,214
37-113,631,556,292,527
37-145,480,512,300,364
37-019,1009,1896,677,1691
37-175,450,376,465,544
37-009,369,450,229,235
37-013,483,572,339,485
37-047,907,963,531,983
37-107,719,1309,446,737
37-109,857,961,672,933
37-123,269,243,307,299
37-133,1543,2530,1388,1753
37-135,800,1358,799,892
37-153,549,667,504,561
37-161,801,938,618,751
37-163,679,1429,652,1001
37-171,800,1141,710,857
37-197,600,504,346,404
37-011,303,336,69,248
37-021,2322,3668,2066,3360
37-023,1192,1437,830,1038
37-025,1428,2280,1147,1861
37-033,279,322,131,155
37-059,130,573,483,322
37-057,1731,1930,1278,1609
37-061,1014,1449,866,1030
37-063,3655,5159,2771,4679
37-091,408,342,263,122
37-105,882,1030,717,853
37-129,2168,3751,1403,2995
37-141,427,846,535,521
37-191,1855,1714,1002,2009
38-013,13,13,0,14
38-061,152,181,98,147
38-097,15,42,20,10
38-105,224,437,94,470
38-007,6,0,4,0
38-021,14,33,48,13
38-043,23,39,27,0
38-019,7,32,4,18
38-101,530,844,342,457
38-037,2,0,0,16
38-049,49,19,14,28
38-067,49,68,22,13
38-091,2,5,0,6
38-005,115,127,74,59
38-041,18,10,13,4
38-045,8,31,10,19
38-059,157,200,77,75
38-017,1130,1672,1379,1123
38-025,47,50,23,42
38-029,23,5,2,2
38-051,0,24,0,8
38-063,38,42,43,26
38-077,55,54,122,74
38-079,302,456,240,248
38-099,52,57,20,60
38-001,28,4,15,12
38-009,19,13,76,15
38-003,62,59,14,52
38-027,39,19,0,8
38-035,593,693,534,451
38-053,184,117,147,181
38-057,65,162,17,68
38-055,27,37,28,39
38-069,49,2,0,48
38-073,8,36,6,2
38-075,1,20,46,5
38-085,131,134,82,62
38-011,13,0,59,9
38-015,333,879,535,458
38-033,18,11,13,10
38-047,11,5,1,4
38-065,5,3,6,4
38-095,4,9,7,14
38-093,102,134,116,191
38-071,82,135,21,41
38-023,13,9,28,0
38-031,12,17,7,14
38-039,0,9,27,39
38-081,18,10,14,2
38-083,11,14,3,7
38-087,0,6,2,0
38-089,212,359,326,235
38-103,4,4,1,7
39-053,333,351,226,245
39-077,452,642,239,322
39-099,1577,2077,1015,777
39-009,759,593,647,284
39-001,283,322,201,99
39-145,434,725,409,479
39-103,711,979,548,788
39-105,112,233,159,101
39-159,195,348,100,197
39-021,212,180,118,98
39-131,451,345,253,94
39-125,75,180,124,44
39-057,808,1487,632,653
39-061,5445,8278,3676,5553
39-049,9882,17255,7082,10669
39-087,310,613,275,249
39-101,528,636,113,434
39-115,130,116,17,92
39-157,885,868,424,739
39-169,1104,1540,898,1021
39-175,156,153,128,118
39-015,193,476,153,227
39-017,2938,3243,2193,2373
39-043,617,767,303,298
39-067,103,123,178,65
39-083,592,350,371,384
39-089,797,1689,533,689
39-139,889,1292,628,987
39-163,109,111,99,60
39-019,170,232,267,192
39-063,406,431,313,320
39-025,876,1675,646,1127
39-045,681,1216,424,836
39-039,274,279,235,212
39-071,361,533,180,265
39-069,135,129,72,85
39-081,431,598,205,283
39-133,1545,1100,1235,867
39-137,93,158,60,83
39-013,511,634,306,395
39-027,200,379,212,138
39-047,264,182,65,182
39-127,387,190,278,206
39-129,326,426,64,271
39-091,504,302,281,176
39-097,458,389,68,221
39-153,3024,5301,2414,2832
39-119,654,655,453,433
39-143,180,564,242,349
39-149,256,249,106,276
39-161,176,260,111,207
39-167,413,734,250,370
39-171,182,349,125,147
39-011,228,215,189,149
39-029,964,907,460,483
39-037,244,296,222,147
39-123,228,362,231,193
39-051,300,357,176,87
39-065,350,197,239,159
39-079,293,478,349,222
39-095,3272,5236,2120,2849
39-117,261,233,63,180
39-121,46,15,17,47
39-135,216,285,152,252
39-147,261,423,143,181
39-151,2214,3365,1545,1686
39-003,1015,1214,501,581
39-031,339,445,264,303
39-033,225,353,187,162
39-041,763,869,346,705
39-055,813,535,788,492
39-059,269,407,186,197
39-073,312,170,126,138
39-085,1094,1629,806,1008
39-107,143,248,131,119
39-141,449,841,551,344
39-023,1036,1248,669,710
39-035,9541,12343,6443,6942
39-075,1192,1155,1077,1336
39-093,1778,2490,1424,1305
39-109,661,814,356,595
39-111,36,84,60,104
39-113,4093,5395,3217,3541
39-155,1951,1825,1100,791
39-165,870,792,407,924
39-173,857,914,465,503
39-005,358,382,470,321
39-007,923,899,539,773
40-001,574,619,445,477
40-133,451,446,391,444
40-137,400,687,458,620
40-025,23,23,10,39
40-011,41,112,40,139
40-019,549,793,608,551
40-029,85,112,83,78
40-053,61,25,28,12
40-055,36,66,56,21
40-073,185,275,111,256
40-087,318,408,399,362
40-091,290,401,178,344
40-095,245,242,185,248
40-099,156,250,186,129
40-103,60,102,52,35
40-105,106,138,185,125
40-115,514,484,496,481
40-131,977,1118,634,1032
40-135,752,922,548,765
40-145,921,922,598,993
40-003,67,77,42,49
40-151,218,108,91,88
40-015,538,676,448,443
40-027,3147,3809,2852,2495
40-101,1352,970,1109,1180
40-107,242,190,191,217
40-005,170,173,133,198
40-013,725,605,735,773
40-043,111,35,30,69
40-059,46,61,11,66
40-071,612,648,563,625
40-083,605,632,529,638
40-035,178,186,132,178
40-143,9032,11478,7358,9834
40-147,709,717,440,791
40-017,882,1860,971,1130
40-057,10,50,11,9
40-061,255,240,138,222
40-077,164,232,180,153
40-111,620,593,562,574
40-113,473,688,279,583
40-139,359,378,225,477
40-067,99,96,73,110
40-127,172,268,148,148
40-047,661,1203,754,1061
40-049,407,360,361,390
40-069,145,157,150,291
40-121,777,891,579,754
40-123,594,799,606,573
40-129,18,79,61,37
40-153,170,243,167,225
40-021,1520,1236,1323,798
40-041,584,744,506,760
40-045,50,57,42,22
40-051,490,774,388,644
40-119,1572,1584,1349,987
40-125,1030,1124,859,919
40-037,849,1112,647,824
40-141,94,94,83,119
40-149,132,107,70,121
40-033,89,116,78,148
40-075,96,159,93,67
40-079,934,961,685,960
40-089,614,508,586,618
40-093,79,51,85,95
40-097,659,644,360,593
40-109,11182,15058,8857,11842
40-039,504,598,274,346
40-007,57,53,39,64
40-085,111,115,76,78
40-009,314,169,361,265
40-063,193,178,201,211
40-023,329,384,260,278
40-065,177,380,216,408
40-031,1830,2150,1235,1662
40-081,385,478,345,427
40-117,197,197,168,242
41-047,2839,4103,1878,3239
41-029,1524,2957,1309,1845
41-019,778,679,420,734
41-023,68,45,27,53
41-031,237,342,90,193
41-053,971,781,477,630
41-005,2183,3406,1652,2667
41-017,1166,2337,1142,1437
41-043,1059,1133,601,1108
41-057,178,285,150,146
41-071,940,1217,466,755
41-001,131,124,70,141
41-033,531,1136,488,666
41-035,738,541,502,596
41-059,697,1031,612,844
41-041,360,598,334,517
41-003,1002,901,541,542
41-009,291,481,133,324
41-013,146,96,89,82
41-055,21,71,13,31
41-065,181,252,200,159
41-025,33,38,24,15
41-039,3879,4179,3022,3039
41-045,378,271,312,292
41-063,15,61,38,5
41-067,4548,7253,3049,4781
41-069,1,21,6,1
41-049,110,139,105,109
41-007,329,534,162,331
41-011,607,564,461,491
41-015,134,254,17,55
41-021,13,0,25,0
41-027,346,313,161,112
41-037,76,20,4,26
41-051,6395,13191,4416,7956
41-061,207,273,99,216
44-005,536,551,346,378
44-003,891,1277,334,691
44-007,5657,8817,3797,4589
44-001,163,286,96,249
44-009,375,770,316,483
42-045,2844,4972,2442,3476
42-055,1130,1931,854,1219
42-119,571,464,247,357
42-127,254,395,196,111
42-009,359,345,258,208
42-043,1553,2714,1421,1603
42-053,7,10,2,3
42-111,362,587,347,338
42-089,1330,1448,1080,925
42-101,18193,27142,11856,18334
42-133,2555,3695,2097,2352
42-129,1443,2017,1005,1455
42-013,883,996,563,594
42-015,456,501,231,332
42-021,767,1103,494,431
42-029,3013,4260,1849,2998
42-011,3230,3513,2101,2560
42-061,272,316,147,206
42-063,710,895,781,578
42-073,453,577,411,367
42-087,404,520,315,334
42-125,993,1545,775,911
42-041,1268,2097,837,1408
42-003,5609,10894,3828,7015
42-103,322,429,213,191
42-109,379,654,305,422
42-115,230,528,172,238
42-039,751,826,763,672
42-049,1934,2380,1256,1492
42-057,73,180,49,99
42-067,221,231,193,182
42-107,781,1005,749,822
42-131,85,197,114,139
42-001,680,719,464,644
42-005,323,453,225,353
42-035,437,365,313,188
42-025,222,544,147,401
42-027,1479,1539,1073,455
42-097,508,879,341,482
42-095,1701,2556,1540,1381
42-023,31,21,8,5
42-121,335,452,194,273
42-007,869,1317,518,689
42-017,2103,3904,1676,2750
42-069,932,1977,532,1210
42-077,3160,3876,1944,2463
42-083,174,301,141,146
42-051,839,1110,544,721
42-031,284,302,292,206
42-091,2741,5577,1948,3870
42-033,628,643,263,449
42-059,205,218,174,136
42-075,1294,1457,840,1085
42-081,941,1074,488,725
42-079,2177,2939,1556,1808
42-093,33,199,19,127
42-123,179,276,158,174
42-037,379,424,314,330
42-019,754,842,607,686
42-047,148,266,66,32
42-065,370,456,256,302
42-071,4304,5870,4352,5088
42-085,633,901,790,536
42-099,412,481,266,227
42-105,131,169,66,104
42-113,70,61,35,12
42-117,276,491,162,416
45-003,1591,2715,1527,1995
45-005,28,245,137,25
45-071,412,570,161,242
45-037,149,319,48,203
45-023,529,361,201,295
45-027,374,422,414,268
45-029,618,492,298,412
45-067,461,595,227,429
45-085,1263,1556,1274,1193
45-063,2595,4451,1807,2808
45-073,899,1006,722,1095
45-011,440,346,170,318
45-015,2331,3092,1655,2472
45-019,3668,7241,3179,5749
45-031,900,797,801,634
45-043,721,1045,526,791
45-069,177,399,256,263
45-091,1744,3292,1479,2359
45-007,1748,2456,1661,2490
45-021,727,735,801,832
45-025,574,742,472,450
45-047,786,1107,581,985
45-053,520,705,261,549
45-051,3544,6870,3194,4328
45-055,792,882,518,657
45-061,239,251,201,170
45-075,1412,1470,921,1055
45-083,3943,4180,3196,3411
45-001,288,238,239,318
45-009,265,295,287,145
45-013,2250,2438,1507,2309
45-017,126,126,119,110
45-033,845,634,278,574
45-081,332,343,303,266
45-079,4153,5287,3583,4297
45-039,239,300,356,250
45-049,286,216,226,97
45-045,4998,7909,4326,6099
45-057,756,1307,396,724
45-035,1716,1865,1052,1570
45-041,1238,1946,1144,1137
45-059,1039,1050,551,733
45-065,154,103,25,56
45-077,1063,1705,1202,1328
45-087,326,357,138,150
45-089,300,405,344,381
46-003,14,28,15,5
46-051,13,28,1,11
46-123,69,22,15,28
46-071,97,46,77,80
46-099,1422,1964,979,1559
46-033,17,129,65,82
46-069,8,23,6,6
46-025,41,14,18,16
46-049,30,6,28,5
46-067,103,19,40,19
46-077,10,12,4,22
46-129,22,69,22,28
46-017,85,73,95,56
46-027,171,214,179,191
46-037,43,88,46,39
46-041,203,196,169,131
46-043,5,41,22,29
46-063,18,11,0,0
46-065,64,184,68,174
46-089,19,32,16,3
46-109,211,177,227,181
46-111,10,17,24,3
46-119,15,3,9,21
46-083,181,275,228,347
46-059,19,18,3,9
46-079,56,97,39,162
46-081,339,424,181,224
46-135,142,149,43,153
46-029,258,151,247,153
46-005,55,211,79,237
46-019,183,230,125,69
46-031,114,107,79,66
46-035,245,194,70,61
46-045,29,39,14,13
46-021,0,3,3,4
46-073,15,25,13,12
46-007,73,81,46,95
46-055,2,11,0,1
46-117,44,30,0,3
46-075,5,5,0,0
46-093,188,341,75,401
46-107,2,8,15,9
46-125,25,67,30,60
46-013,476,321,269,241
46-023,174,153,203,149
46-061,9,20,7,19
46-087,18,47,18,52
46-091,21,74,35,39
46-095,82,89,43,51
46-101,67,58,23,57
46-105,40,13,8,13
46-103,929,1730,842,1279
46-121,389,429,283,274
46-127,111,67,74,122
46-097,20,18,1,24
46-085,83,79,73,58
46-137,109,78,47,30
46-039,45,53,2,9
46-115,53,54,37,31
46-009,34,24,19,23
46-015,49,57,23,39
46-011,357,276,301,183
46-047,71,67,52,30
46-053,30,33,17,57
46-057,40,32,39,21
47-017,254,372,133,114
47-023,154,282,128,234
47-039,127,134,114,113
47-037,7254,14154,6236,8992
47-087,114,159,62,165
47-109,247,457,409,326
47-135,83,71,111,43
47-145,384,737,391,501
47-011,1242,1621,777,1138
47-121,68,120,71,50
47-063,925,1152,488,776
47-075,126,67,60,122
47-083,132,157,71,37
47-119,922,1099,613,667
47-173,192,249,116,250
47-071,338,242,91,110
47-125,2097,2581,1756,1970
47-043,579,507,632,425
47-129,236,223,154,109
47-061,230,372,166,158
47-123,298,486,294,367
47-079,320,499,126,212
47-029,352,404,340,350
47-033,134,261,134,206
47-041,110,359,53,171
47-095,85,41,24,72
47-093,3826,5661,3226,3806
47-101,148,149,79,85
47-107,570,742,264,378
47-117,200,358,294,445
47-131,270,343,293,211
47-143,316,319,186,314
47-151,289,386,76,184
47-167,772,815,434,420
47-001,793,837,338,787
47-045,444,290,250,228
47-049,173,244,113,152
47-053,493,505,237,251
47-065,3243,5001,2197,3288
47-069,370,223,339,89
47-105,447,923,385,521
47-139,99,146,60,114
47-149,3171,4200,2329,2631
47-159,57,188,109,123
47-185,481,239,128,328
47-189,793,1047,309,656
47-163,1490,2028,853,1141
47-171,223,323,182,66
47-177,462,577,177,360
47-179,1532,1505,1274,866
47-183,455,337,223,211
47-005,136,205,126,114
47-007,173,328,88,104
47-013,605,695,334,388
47-015,143,154,35,122
47-031,285,895,322,401
47-047,124,597,124,372
47-067,87,72,35,10
47-073,590,782,327,437
47-091,153,229,171,75
47-103,349,458,158,185
47-111,216,371,161,307
47-127,25,36,68,54
47-147,517,838,233,514
47-051,112,412,223,363
47-009,1117,1300,869,1052
47-021,230,624,217,329
47-019,611,919,385,587
47-057,173,387,102,246
47-055,261,228,140,145
47-097,197,315,119,148
47-099,567,442,447,503
47-113,1068,1024,572,817
47-115,97,388,207,259
47-133,287,291,81,152
47-137,56,70,43,0
47-165,1591,1853,811,1298
47-181,111,163,72,119
47-169,331,161,0,88
47-187,1063,986,593,871
47-003,390,807,173,580
47-027,60,102,41,75
47-059,629,767,583,547
47-035,762,823,206,646
47-157,11272,17062,9527,10577
47-175,114,65,74,45
47-025,202,267,268,125
47-077,208,157,83,339
47-081,83,469,252,277
47-085,194,131,122,37
47-089,516,676,346,417
47-141,1349,1021,744,622
47-153,107,126,20,125
47-155,1174,1742,858,1731
47-161,111,201,0,76
48-199,776,884,524,891
48-207,88,43,51,70
48-227,322,537,420,396
48-289,385,207,236,321
48-333,47,35,33,49
48-337,227,302,322,209
48-351,280,238,94,109
48-365,256,363,266,373
48-389,123,219,122,257
48-403,183,359,5,238
48-421,47,51,43,55
48-437,189,128,100,150
48-231,1190,1491,1243,1717
48-063,244,158,271,176
48-195,90,61,74,113
48-187,1703,1974,1616,1968
48-077,105,159,163,94
48-205,20,55,7,116
48-217,496,470,471,431
48-293,450,799,279,390
48-347,1613,1150,1878,1238
48-369,216,287,85,235
48-367,1261,1509,1089,1482
48-377,121,67,57,170
48-465,1113,965,1024,978
48-109,12,58,20,65
48-135,3439,3661,2665,3468
48-169,0,104,18,84
48-173,15,90,16,0
48-185,97,384,304,322
48-453,15058,27467,13429,20901
48-085,8634,10883,6409,9330
48-005,1337,1583,1241,1676
48-087,43,94,6,87
48-101,8,28,7,41
48-209,3567,3393,3263,2529
48-279,136,393,226,307
48-295,11,61,40,66
48-301,0,0,0,0
48-321,564,821,544,885
48-371,318,277,270,186
48-395,363,144,159,284
48-397,1005,714,613,715
48-401,747,849,649,788
48-441,1764,2095,2060,2023
48-447,20,11,8,29
48-455,224,130,178,233
48-471,1423,955,689,696
48-499,425,600,365,885
48-019,234,383,97,309
48-007,461,385,382,231
48-075,37,76,42,161
48-079,97,70,62,99
48-081,9,13,11,18
48-091,1184,1519,1162,1573
48-099,592,943,449,825
48-211,21,32,14,68
48-225,268,226,236,200
48-341,299,331,382,344
48-349,787,1096,856,966
48-375,2275,3197,2068,2726
48-405,39,194,110,81
48-415,127,146,204,266
48-417,27,44,43,12
48-427,2191,1991,1754,1901
48-433,0,16,0,26
48-461,45,27,58,95
48-021,1175,1300,929,1447
48-049,584,534,425,671
48-191,70,36,116,15
48-025,489,422,475,492
48-159,262,72,131,172
48-163,431,402,116,396
48-103,41,120,52,62
48-281,422,299,140,226
48-307,106,183,207,53
48-319,50,144,72,12
48-125,18,61,6,28
48-287,119,171,203,334
48-439,27344,39381,25447,35235
48-001,631,331,575,655
48-139,2167,3042,1776,3054
48-239,115,192,134,215
48-265,703,750,567,711
48-331,277,243,201,259
48-093,260,259,155,283
48-145,448,362,225,209
48-047,207,183,139,113
48-015,432,345,151,306
48-261,44,41,5,0
48-355,6389,8237,5437,7192
48-089,185,271,207,110
48-409,1218,1184,1071,1071
48-379,200,189,121,173
48-381,1593,1725,1136,1798
48-385,104,1,60,33
48-411,91,124,43,81
48-413,49,44,78,59
48-431,13,25,13,8
48-507,482,158,275,243
48-057,317,472,205,381
48-065,49,57,67,80
48-155,19,0,10,6
48-161,249,332,179,355
48-175,45,56,81,106
48-193,257,92,81,92
48-197,71,94,42,77
48-335,68,89,17,44
48-449,757,476,493,863
48-045,31,24,22,24
48-285,294,199,212,211
48-291,1013,2037,937,1412
48-445,288,297,262,344
48-497,804,838,594,1109
48-143,1098,1007,680,602
48-039,4068,4713,3006,4502
48-345,47,53,7,28
48-129,80,74,27,43
48-013,708,947,620,914
48-083,152,292,128,187
48-353,358,233,232,195
48-229,20,39,53,79
48-325,796,626,295,722
48-475,210,227,204,248
48-213,1216,1706,773,1357
48-203,1247,826,542,952
48-327,58,111,25,37
48-277,759,934,656,1077
48-149,190,149,199,193
48-491,3500,6224,3721,4928
48-267,21,50,79,62
48-317,72,98,88,46
35-013,3871,2814,2634,2751
46-102,593,683,363,492
48-373,604,762,437,782
48-391,128,36,128,131
48-467,646,809,806,725
48-055,1051,890,640,783
48-487,135,213,93,333
48-383,104,115,123,84
48-501,221,262,185,166
48-189,521,765,499,764
48-419,348,693,451,521
48-387,211,149,170,105
48-399,208,112,118,192
48-407,351,266,313,411
48-435,40,63,39,69
48-451,2469,1857,1928,1396
48-459,399,552,368,635
48-469,1663,1711,1727,1290
48-473,1923,616,1362,663
48-481,504,735,553,721
48-485,1250,1786,1397,2227
48-493,440,767,428,612
48-033,0,0,0,0
48-219,366,440,390,403
48-315,93,173,40,100
48-323,1764,1096,1288,1289
48-329,1967,3258,3095,3143
48-181,1765,2117,1276,2101
48-297,175,185,87,219
48-299,272,445,295,277
48-363,411,646,418,699
48-147,349,556,349,345
48-255,188,170,179,279
48-123,149,304,99,279
48-041,3811,3696,3526,3250
48-059,197,207,101,290
48-067,284,423,287,487
48-165,381,370,454,553
48-183,2143,2911,1665,2541
48-179,334,474,305,301
48-313,129,38,89,129
48-303,5180,4674,4290,4481
48-237,93,64,125,125
48-257,1291,1772,739,2401
48-259,321,432,395,255
48-035,238,242,182,234
48-153,175,100,125,123
48-029,30481,39183,26173,30477
48-017,223,168,103,140
48-071,434,526,336,667
48-023,41,37,69,9
48-027,4301,4767,3413,4461
48-061,11592,11741,11155,10858
48-121,7510,10865,6653,10536
48-361,1156,1165,966,1168
48-233,259,463,292,277
48-477,467,351,377,268
48-343,95,101,107,115
48-429,172,114,152,167
48-495,164,103,77,111
48-201,83989,117187,73146,95325
48-003,261,142,238,255
48-053,590,473,410,790
48-171,460,285,252,268
48-177,286,394,262,454
48-113,51447,67434,44658,55230
48-305,91,104,120,118
48-311,5,8,0,4
48-503,170,344,237,396
48-505,621,412,570,419
48-251,1838,2636,2073,2707
48-221,493,703,590,665
48-223,574,728,385,753
48-309,3942,4140,3864,3640
48-357,176,227,213,146
48-269,0,39,4,4
48-275,43,35,29,62
48-073,920,1001,771,799
48-095,4,36,2,15
48-119,119,118,63,90
48-137,33,17,10,11
48-133,193,486,229,304
48-253,43,106,133,218
48-243,0,32,31,41
48-247,73,150,134,42
48-249,812,837,821,747
48-339,7066,8886,3961,8374
48-111,54,246,43,270
48-127,313,356,196,199
48-479,7845,7279,7855,7558
48-157,7353,9106,6101,7392
48-011,10,12,0,7
48-069,144,199,183,163
48-235,32,18,22,19
48-273,1016,332,889,466
48-489,917,691,511,384
48-097,448,665,516,545
48-107,139,73,98,159
48-115,113,177,183,229
48-151,26,61,50,87
48-131,328,284,329,245
48-051,198,239,219,294
48-031,116,84,221,78
48-241,346,897,507,505
48-245,4444,6310,4517,5056
48-271,93,39,17,9
48-359,26,7,24,7
48-117,415,384,200,336
48-167,3641,5267,3275,4303
48-141,19206,18852,16018,17578
48-283,284,252,41,263
48-393,2,4,0,15
48-443,10,0,0,6
48-457,455,124,217,157
48-463,725,447,365,585
48-483,90,65,58,96
48-037,1050,1555,788,1479
48-009,82,68,23,103
48-043,144,120,190,72
48-263,0,11,0,8
48-215,25066,24225,24768,24886
48-423,4122,3639,3228,3549
48-425,51,58,123,100
48-105,112,69,81,63
49-027,55,212,119,174
49-045,359,435,247,345
49-053,1979,2128,1593,1960
49-025,50,120,66,27
49-043,254,513,226,384
49-019,186,188,86,224
49-031,5,48,2,9
49-033,48,6,7,119
49-051,173,141,177,242
49-001,29,101,109,67
49-003,313,417,302,457
49-021,1043,773,701,598
49-039,354,276,252,362
49-041,272,197,181,214
49-049,4820,6387,4417,4993
49-057,1846,3199,2073,2518
49-013,214,257,217,253
49-037,336,339,239,279
49-035,10598,16460,7970,13092
49-047,311,772,434,459
49-009,0,0,0,0
49-011,2008,2956,1430,2737
49-055,51,32,11,54
49-007,239,352,168,269
49-015,84,96,89,87
49-029,6,45,62,88
49-005,1424,1302,1054,1005
49-017,100,38,67,44
49-023,172,100,35,132
50-021,268,393,256,251
50-019,105,264,47,86
50-013,11,44,9,29
50-017,122,275,133,73
50-007,736,924,580,559
50-015,116,229,109,216
50-027,359,458,112,281
50-011,113,286,124,155
50-005,142,304,79,54
50-025,191,339,99,207
50-003,192,258,169,167
50-001,225,279,167,95
50-009,45,53,11,33
50-023,129,391,86,172
51-036,81,73,22,84
51-047,213,606,247,540
51-053,284,284,194,57
51-079,196,193,99,264
51-085,486,663,351,380
51-111,273,104,127,16
51-137,332,419,329,304
51-595,68,182,41,111
51-197,237,138,220,430
51-550,2022,2235,1557,2339
51-570,166,277,101,304
51-660,585,1127,763,1206
51-003,473,843,539,662
51-021,14,9,35,53
51-019,494,557,543,467
51-023,204,175,113,69
51-029,212,251,115,71
51-195,500,488,315,319
51-520,216,278,96,158
51-580,90,67,57,38
51-740,1071,1775,1042,1072
51-830,91,65,67,71
51-810,3587,6192,3303,4535
51-005,132,205,129,81
51-035,241,409,242,241
51-640,0,112,48,0
51-191,400,581,517,392
51-193,178,324,210,132
51-133,33,203,89,45
51-139,204,209,177,263
51-155,345,183,238,310
51-187,254,550,288,486
51-510,1400,2975,1392,2505
51-590,437,534,529,404
51-630,204,326,346,337
51-650,1482,2172,1096,1287
51-009,408,294,206,180
51-013,1420,2801,1125,2225
51-017,45,62,54,59
51-670,118,436,203,241
51-027,246,410,139,189
51-700,1812,3006,1710,2457
51-069,983,1010,643,768
51-179,978,1663,475,917
51-680,1056,800,1037,589
51-199,272,428,236,214
51-760,3353,4609,2887,3839
51-690,212,173,196,244
51-125,124,276,82,144
51-057,52,66,135,71
51-143,679,758,286,675
51-720,28,65,42,71
51-790,183,261,216,234
51-065,198,252,343,74
51-007,61,160,85,22
51-750,354,261,217,108
51-840,372,421,399,416
51-001,419,651,504,386
51-045,31,45,16,0
51-063,100,255,86,133
51-071,214,256,144,118
51-077,139,119,158,189
51-135,244,164,89,49
51-157,45,145,6,89
51-185,579,531,336,592
51-530,200,33,86,79
51-610,21,68,51,31
51-685,342,364,206,349
51-730,346,504,385,392
51-735,49,9,64,35
51-183,12,16,19,23
51-600,140,375,115,208
51-820,427,280,269,143
51-683,621,791,438,776
51-770,1632,1568,945,1141
51-775,87,230,244,162
51-800,652,938,531,637
51-710,3102,4287,2437,2807
51-037,252,134,100,99
51-041,2193,3504,1941,2673
51-059,7946,12500,7249,9546
51-081,74,152,103,122
51-093,171,247,175,297
51-095,509,374,287,442
51-167,326,478,144,271
51-620,116,132,123,74
51-173,339,396,231,391
51-540,360,666,413,466
51-678,68,7,34,20
51-031,358,552,460,275
51-087,2554,3825,2094,2988
51-089,572,539,390,565
51-099,215,325,134,161
51-109,259,425,287,315
51-101,150,52,113,75
51-103,103,76,115,24
51-105,173,453,213,220
51-115,142,92,53,83
51-119,128,67,26,57
51-147,231,32,291,164
51-149,358,419,151,220
51-159,52,6,67,18
51-165,639,756,699,697
51-169,338,181,162,143
51-177,800,1859,578,1162
51-181,63,124,82,61
51-011,86,105,75,107
51-043,188,71,173,141
51-067,636,584,596,600
51-097,107,41,53,19
51-117,438,304,184,339
51-121,1066,805,419,832
51-127,53,106,89,91
51-015,549,843,463,699
51-049,69,188,131,88
51-051,172,256,128,85
51-075,12,142,123,68
51-083,367,319,338,161
51-107,1659,3122,1468,2183
51-113,177,155,42,146
51-153,4400,6760,3863,4495
51-161,612,611,367,458
51-175,129,200,59,106
51-091,8,29,4,54
51-025,138,188,53,35
51-033,107,203,24,272
51-073,331,254,332,157
51-131,107,230,35,162
51-141,167,210,73,297
51-145,185,127,163,78
51-163,249,260,165,138
51-171,324,466,352,473
51-061,354,859,328,478
54-033,537,871,346,401
54-069,393,330,289,297
54-085,123,143,71,126
54-013,27,30,30,2
54-065,116,116,263,68
54-043,180,249,255,156
54-081,828,1000,369,494
54-007,78,167,46,131
54-079,266,385,261,374
54-001,67,118,28,97
54-005,190,176,55,105
54-047,329,123,188,200
54-099,279,353,130,470
54-109,84,117,165,37
54-035,135,382,177,53
54-055,759,602,484,354
54-097,357,230,131,161
54-101,96,20,49,8
54-003,589,835,709,748
54-019,575,638,333,249
54-023,81,135,76,63
54-027,156,232,118,98
54-089,79,87,72,13
54-009,177,198,46,112
54-017,85,25,5,69
54-025,190,470,190,284
54-031,58,154,81,217
54-049,414,578,330,264
54-057,298,269,332,136
54-059,218,267,96,188
54-029,133,366,79,144
54-041,180,232,169,218
54-051,314,256,117,177
54-067,323,116,178,183
54-075,65,223,109,82
54-093,38,41,43,38
54-095,73,163,67,123
54-083,256,291,280,292
54-087,74,144,58,112
54-091,146,240,51,104
54-105,16,36,73,41
54-107,669,961,473,614
54-015,76,111,14,44
54-021,34,96,68,77
54-053,66,234,127,154
54-061,884,1774,663,770
54-063,77,200,108,115
54-073,42,78,48,21
54-103,118,126,153,115
54-011,1391,1208,921,446
54-037,318,498,188,193
54-039,1489,2080,933,1387
54-045,273,563,142,284
54-071,82,51,20,50
54-077,205,360,108,296
53-047,626,762,355,593
53-037,878,405,504,258
53-067,1613,2551,1602,1633
53-005,1742,2860,1662,1667
53-013,29,8,6,36
53-011,3262,4907,2271,3428
53-003,130,295,176,112
53-001,516,424,355,254
53-023,7,0,0,42
53-045,686,793,355,500
53-057,1220,1614,835,1123
53-065,223,302,138,129
53-063,4307,6216,2378,3802
53-043,76,24,66,11
53-007,824,1099,657,800
53-031,222,174,77,227
53-035,2007,2214,1108,1477
53-033,13432,23193,10312,16497
53-049,271,265,22,40
53-051,64,121,75,99
53-055,90,132,56,142
53-059,58,75,9,82
53-075,754,368,457,142
53-077,4341,4627,2955,4150
53-009,613,665,384,596
53-015,647,1028,473,605
53-019,48,92,47,33
53-039,135,199,167,131
53-041,692,953,339,587
53-017,541,650,402,509
53-027,684,1037,336,686
53-029,599,693,188,364
53-053,7055,10116,4792,7020
53-069,46,45,0,16
53-021,1717,1561,1098,1738
53-071,846,757,618,456
53-025,1694,1714,822,1521
53-073,2133,2337,1638,1446
53-061,4299,8090,3440,5702
56-005,360,393,358,517
56-023,122,370,156,180
56-019,66,52,6,159
56-025,1150,1441,762,1010
56-021,846,1369,796,1082
56-009,103,181,87,135
56-027,12,0,20,0
56-039,165,703,97,176
56-037,516,606,532,628
56-031,14,191,87,32
56-033,414,307,192,301
56-003,154,171,93,145
56-011,116,77,50,50
56-029,404,295,93,368
56-001,565,490,447,211
56-007,164,152,107,174
56-015,226,104,123,91
56-041,413,283,51,243
56-043,88,97,117,68
56-017,27,36,6,40
56-013,581,609,609,615
56-035,3,53,2,104
56-045,35,108,91,83
55-105,1318,1613,749,1026
55-119,225,162,94,94
55-137,222,160,120,86
55-001,50,158,45,89
55-007,46,82,59,54
55-065,162,148,94,95
55-081,402,348,218,304
55-093,215,396,262,175
55-141,364,508,369,193
55-003,100,120,63,125
55-015,275,152,83,105
55-037,63,10,2,3
55-055,435,646,256,446
55-059,1530,1423,1004,1134
55-051,61,57,30,23
55-019,590,583,502,387
55-109,370,416,259,275
55-083,164,214,50,143
55-069,119,203,123,67
55-135,257,486,188,287
55-005,289,422,160,192
55-113,144,171,61,83
55-047,78,119,156,123
55-099,60,40,63,51
55-077,137,124,45,65
55-075,209,382,214,148
55-079,10186,13486,6380,8129
55-101,1168,1763,754,887
55-139,1059,1172,619,712
55-033,399,374,415,219
55-041,141,97,96,59
55-045,121,191,152,157
55-043,522,351,480,187
55-107,147,101,157,69
55-115,312,290,253,197
55-117,710,898,429,485
55-067,188,111,116,121
55-078,115,104,97,64
55-087,1134,1228,787,837
55-123,350,308,236,274
55-011,55,56,47,31
55-021,388,469,258,183
55-061,153,81,59,64
55-063,976,870,697,443
55-009,1883,2230,1382,1781
55-035,1103,1072,875,701
55-073,861,1137,766,657
55-085,226,211,85,86
55-095,252,296,210,220
55-121,251,213,134,157
55-129,64,115,77,53
55-133,1211,1830,600,1029
55-027,297,678,406,211
55-127,905,925,489,592
55-125,134,220,64,83
55-023,97,104,47,93
55-057,217,208,97,99
55-071,478,483,155,261
55-111,339,677,413,416
55-131,377,672,419,259
55-013,31,134,29,37
55-017,341,694,242,323
55-025,2878,3989,2353,2328
55-029,80,130,78,94
55-031,214,302,218,390
55-039,411,483,414,419
55-053,185,211,94,193
55-049,191,122,94,41
55-091,20,72,38,41
55-089,293,336,219,265
55-097,571,552,285,351
55-103,151,93,123,52
